place,team,total_points,100,200,400,800,1500,3000SC,5000,10000,110H,400H,4x1R,4x4R,HJ,PV,LJ,TJ,SP,DT,HT,JT,Dec,year,season
1,LSU,84.0,10.0,8.0,6.0,,,,,,1.0,10.0,10.0,0.0,10.0,,12.0,5.0,,,2.0,10.0,,2021,Outdoor
2,Oregon,53.0,6.0,,,6.0,10.0,0.0,15.0,,,2.0,0.0,,,,,13.0,,,,0.0,1.0,2021,Outdoor
3,N. Carolina A&T,35.0,0.0,0.0,15.0,0.0,,,,,0.0,0.0,5.0,10.0,,,5.0,,,,,,,2021,Outdoor
4,Florida,34.5,2.0,10.0,3.0,,,,,,,0.0,,2.0,3.5,,,4.0,0.0,,10.0,,,2021,Outdoor
5,USC,33.0,4.0,3.0,0.0,10.0,,,,,3.0,6.0,0.0,5.0,2.0,,,0.0,0.0,,0.0,,,2021,Outdoor
6,Texas A&M,29.0,0.0,0.0,8.0,8.0,,,,,,5.0,2.0,6.0,,,,,,,,0.0,,2021,Outdoor
6,Texas,29.0,,5.0,0.0,2.0,,,,,,1.0,3.0,0.0,,,4.0,1.0,8.0,,,,5.0,2021,Outdoor
8,Georgia,25.0,3.0,4.0,0.0,,,,,,,0.0,8.0,,,,,,,,0.0,,10.0,2021,Outdoor
9,Arizona State,24.0,,,,,,,,,4.0,,0.0,,,,,,10.0,10.0,,0.0,,2021,Outdoor
10,Florida State,23.5,6.0,2.0,,,,,,1.0,,,6.0,0.0,0.5,,8.0,0.0,,0.0,,,,2021,Outdoor
11,Tennessee,21.0,,,0.0,0.0,,,,,,,,0.0,5.0,,6.0,10.0,0.0,,0.0,,,2021,Outdoor
12,Iowa,19.0,,,0.0,,,0.0,,,13.0,0.0,0.0,4.0,,,0.0,,,,,,2.0,2021,Outdoor
13,Alabama,18.0,,,0.0,,5.0,,0.0,0.0,10.0,,,0.0,,3.0,,0.0,0.0,,0.0,,,2021,Outdoor
13,Stephen F. Austin,18.0,,,0.0,,,,,,,,,8.0,,10.0,,,,,,0.0,,2021,Outdoor
15,Kentucky,17.0,0.0,0.0,4.0,,,,,,0.0,0.0,0.0,1.0,,8.0,0.0,,4.0,0.0,,,,2021,Outdoor
15,Miss State,17.0,,,,,,,,,0.0,,0.0,,,,0.0,0.0,,,,17.0,,2021,Outdoor
17,BYU,16.0,,,1.0,,0.0,5.0,0.0,8.0,,0.0,0.0,0.0,,0.0,,,,0.0,,2.0,0.0,2021,Outdoor
18,Houston,15.0,8.0,6.0,,,,,,,0.0,0.0,1.0,,,0.0,0.0,,,,,,,2021,Outdoor
18,Auburn,15.0,,,,1.0,,,,,,4.0,,,,,,,,,,6.0,4.0,2021,Outdoor
20,Clemson,14.0,,0.0,,0.0,,,,,2.0,,4.0,0.0,,,,,,8.0,,,,2021,Outdoor
20,Minnesota,14.0,,,,,,8.0,,,,,,,,,,,0.0,0.0,6.0,,0.0,2021,Outdoor
20,Northern Arizona,14.0,,,,,,,8.0,6.0,,,,,,,,,,,,,,2021,Outdoor
23,Kansas,13.5,,,,,,,,,,,,,,5.5,,,,,8.0,,,2021,Outdoor
24,Michigan,13.0,,,,,0.0,0.0,,,0.0,,,0.0,,,,,5.0,,,,8.0,2021,Outdoor
24,Georgetown,13.0,,,,,3.0,1.0,4.0,5.0,,,,,,,,,,,,,,2021,Outdoor
24,Tulsa,13.0,,,,,,,3.0,10.0,,,,,,,,,,,,,,2021,Outdoor
27,Oklahoma,12.5,,,,,,,,,,8.0,,0.0,3.5,,1.0,0.0,,,0.0,,,2021,Outdoor
28,Arkansas,12.0,,,,,,,0.0,0.0,6.0,,0.0,0.0,,,,0.0,,,,,6.0,2021,Outdoor
28,Virginia,12.0,,,,,,2.0,,,,,,,,0.0,,0.0,,10.0,,,,2021,Outdoor
30,Arizona,10.0,,,0.0,,,,,,,,,3.0,0.0,,,,6.0,,1.0,,,2021,Outdoor
30,Ole Miss,10.0,,,,0.0,10.0,,,,0.0,,,,0.0,0.0,0.0,,,,,,,2021,Outdoor
30,Mid. Tenn. State,10.0,,,,,,10.0,,,,,,,,,,,,,,,,2021,Outdoor
33,Iowa State,9.0,,,,4.0,,0.0,0.0,0.0,,0.0,,,,,,,,,5.0,0.0,,2021,Outdoor
34,Kansas State,8.0,,,,,,,,,,,,,8.0,,0.0,,,,,0.0,,2021,Outdoor
34,Notre Dame,8.0,,,,0.0,8.0,,0.0,,,,,,,,,,0.0,,,,,2021,Outdoor
36,TCU,7.0,0.0,1.0,,,,,,,,,0.0,0.0,,,,6.0,,,,,,2021,Outdoor
37,Oklahoma State,6.0,,,0.0,,,6.0,,0.0,,,,,,,,,,,,,,2021,Outdoor
37,Virginia Tech,6.0,0.0,,0.0,,2.0,0.0,,,,,,0.0,,,,0.0,,,4.0,,,2021,Outdoor
37,Campbell,6.0,,,,,,,6.0,,,,,,,,,,,,,,,2021,Outdoor
37,Nebraska,6.0,,,,,0.0,,,,0.0,,,,6.0,,0.0,,0.0,,,,,2021,Outdoor
37,South Dakota,6.0,,,,,,,,,,,,,0.0,6.0,,,,,,,,2021,Outdoor
42,Sam Houston,5.0,0.0,,,,,,,,,0.0,0.0,,,5.0,,,,,,,,2021,Outdoor
42,South Carolina,5.0,,,,,,,,,,0.0,,,,,,,0.0,5.0,,,,2021,Outdoor
42,Miami (Ohio),5.0,,,,5.0,,,,,,,,,,,,,,,,,,2021,Outdoor
42,Stanford,5.0,,,,,,3.0,0.0,2.0,,,,,,,,,,,,,,2021,Outdoor
46,Colorado St.,4.0,,,,,,,0.0,4.0,,,,,,,,,,0.0,,,,2021,Outdoor
46,Montana State,4.0,,,,,,4.0,,,,,,,,,,,,,,,,2021,Outdoor
46,North Dakota State,4.0,,,,,,,,,,,,,,,,,0.0,,3.0,1.0,,2021,Outdoor
46,Washington,4.0,,,,,0.0,,0.0,,,0.0,,,,,,,1.0,3.0,0.0,,,2021,Outdoor
50,SE Louisiana,3.0,,,0.0,,,,,,,,,0.0,,,,,,,,3.0,,2021,Outdoor
50,UCLA,3.0,,,0.0,,,,,,,,,,,,3.0,,,,,,,2021,Outdoor
50,Hofstra,3.0,,,,,,,0.0,3.0,,,,,,,,,,,,,,2021,Outdoor
50,Idaho,3.0,,,,,,,,,,,,,,,,,3.0,,,,,2021,Outdoor
50,Lipscomb,3.0,,,,3.0,,,,,,,,,,,,,,,,,,2021,Outdoor
50,Long Beach St.,3.0,,,,,,,,,,,,,0.0,,0.0,,,,,,3.0,2021,Outdoor
50,Texas A&M-CC,3.0,,,,,,,,,,3.0,,,,,,,,,,,,2021,Outdoor
57,Ohio State,2.0,,0.0,2.0,,,,,,,,0.0,,,,,,,,,,,2021,Outdoor
57,North Carolina,2.0,,,,,0.0,,2.0,,,,,,,,,,0.0,,,,,2021,Outdoor
57,Northern Iowa,2.0,,,,,,,,,,,,,,,,,2.0,,,,,2021,Outdoor
57,Wyoming,2.0,,,,,,,,,,,,,,,,,,2.0,,,,2021,Outdoor
61,UTEP,1.5,,,0.0,,,,,,,,,0.0,,1.5,,,,0.0,,,,2021,Outdoor
62,Charlotte,1.0,,,,,,,,0.0,,,,,,0.0,,,,1.0,,,,2021,Outdoor
62,Michigan State,1.0,,,,,,,1.0,,,,,,,0.0,,,,,,,0.0,2021,Outdoor
62,Washington St.,1.0,,,,,1.0,0.0,,,0.0,,,,0.0,,,,,,,,,2021,Outdoor
65,Buffalo,0.5,,,,,,,,,,,,,0.5,,,,,,,,,2021,Outdoor
66,Baylor,0.0,0.0,,0.0,,,,,,,,,0.0,,,,,,,,,,2021,Outdoor
66,Coppin State,0.0,0.0,0.0,,,,,,,,,0.0,,,,,,,,,,,2021,Outdoor
66,Miami (Fla.),0.0,,,,,,,,,,,,,0.0,,,,,,0.0,,,2021,Outdoor
66,NC State,0.0,,,,,,,0.0,,,,0.0,,,,,,,,,,,2021,Outdoor
66,Norfolk State,0.0,,,,,,,,,,,0.0,,,,,,,,,,,2021,Outdoor
66,Pittsburgh,0.0,,,,,,,,,,,,0.0,,,,,,,,,,2021,Outdoor
66,Purdue,0.0,,0.0,,,,,,,,,0.0,,,,,0.0,,,,,0.0,2021,Outdoor
66,South Florida,0.0,,,,,,,,,,0.0,,,,0.0,,,,,,,,2021,Outdoor
66,Texas Tech,0.0,0.0,0.0,,,,,,,,,0.0,,,,,0.0,,,,,,2021,Outdoor
66,UL-Lafayette,0.0,,,,,,,,,0.0,,,,,0.0,,,,,,,,2021,Outdoor
66,Arkansas State,0.0,,,,,,0.0,,,,,,,,,,,,0.0,,,,2021,Outdoor
66,Army West Point,0.0,,,,,,,,,,,,,,,,,,,,0.0,,2021,Outdoor
66,Butler,0.0,,,,,,0.0,0.0,0.0,,,,,,,,,,,,,,2021,Outdoor
66,California,0.0,,,,,,,,,,,,,,,,,,0.0,,,,2021,Outdoor
66,Central Arkansas,0.0,0.0,,,,,,,,,,,,,,,,,,,,,2021,Outdoor
66,Cincinnati,0.0,,,,,,,,0.0,,,,,,,,,,,,,,2021,Outdoor
66,Coastal Carolina,0.0,,,,,,,,,,,,,,,0.0,,,,,,,2021,Outdoor
66,Colorado,0.0,,,,,,,,0.0,,,,,,,,,,,,,,2021,Outdoor
66,Connecticut,0.0,,,,,,,,,,,,,,0.0,0.0,,,,,,0.0,2021,Outdoor
66,Drake,0.0,,,,,0.0,,,,,,,,,,,,0.0,,,,,2021,Outdoor
66,East Carolina,0.0,,,,,,,,,,,,,,,,,,,0.0,,,2021,Outdoor
66,Eastern Illinois,0.0,,,,0.0,,,,,,,,,,,,,,,,,,2021,Outdoor
66,Eastern Kentucky,0.0,,,,,,0.0,,,,,,,,,,,,,,,,2021,Outdoor
66,Eastern Michigan,0.0,,,,,,,,,,,,,,,,,,0.0,0.0,,,2021,Outdoor
66,Florida A&M,0.0,,,,,,,,,,0.0,,,,,,,,,,,,2021,Outdoor
66,Furman,0.0,,,,,0.0,,,,,,,,,,,,,,,,,2021,Outdoor
66,Gonzaga,0.0,,,,,,,0.0,0.0,,,,,,,,,,,,,,2021,Outdoor
66,Grand Canyon,0.0,,,,,,,,,,,,,0.0,,,,,,,,,2021,Outdoor
66,Houston Baptist,0.0,,,,,,,,,,,,,,,,,,,,,0.0,2021,Outdoor
66,Illinois,0.0,,,,,,,,,,,,,0.0,,0.0,,,,0.0,,,2021,Outdoor
66,Indiana,0.0,,,,0.0,,,0.0,,,,,,,0.0,,,,,,,,2021,Outdoor
66,Iona,0.0,,,,,,,,0.0,,,,,,,,,,,,,,2021,Outdoor
66,Kennesaw State,0.0,,,,,,,,,,,,,,0.0,,,,,,,,2021,Outdoor
66,La Salle,0.0,,,,,,,,,,,,,0.0,,,,,,,,,2021,Outdoor
66,Lamar,0.0,,,,,,,,,,,,,,,,0.0,,,,,,2021,Outdoor
66,Liberty,0.0,,,,,,0.0,,,,,,,,,,,0.0,,,,,2021,Outdoor
66,Louisville,0.0,,,,,,0.0,,,,,,,0.0,,,,,0.0,,,,2021,Outdoor
66,Marquette,0.0,,,,,,,,,,,,,,,,,,,,,0.0,2021,Outdoor
66,Maryland,0.0,,,,,,,,,,0.0,,,0.0,,,,,,,,,2021,Outdoor
66,McNeese State,0.0,,,,,,,,,,,,,,,,,,,,0.0,,2021,Outdoor
66,Missouri,0.0,,,,,,,,,,,,,,,,0.0,,0.0,,,,2021,Outdoor
66,Mount St. Mary's,0.0,,,,,,,,,,,,,,,,,,,,0.0,,2021,Outdoor
66,New Orleans,0.0,0.0,,,,,,,,,,,,,,,,,,,,,2021,Outdoor
66,North Texas,0.0,,,,,,,,,,,,,,0.0,,,,,,,,2021,Outdoor
66,Northeastern,0.0,,,,,,0.0,,,,0.0,,,,,,,,,,,,2021,Outdoor
66,Penn State,0.0,,,,0.0,,,,,,,,,,,,,,0.0,0.0,0.0,0.0,2021,Outdoor
66,Portland,0.0,,,,,0.0,,,,,,,,,,,,,,,,,2021,Outdoor
66,Providence,0.0,,,,,0.0,,,0.0,,,,,,,,,,,,,,2021,Outdoor
66,Rice,0.0,,,,,,,,,,,,,,,,,,,,0.0,,2021,Outdoor
66,Rutgers,0.0,,,0.0,,,,,,,,,,,,0.0,,,,,,,2021,Outdoor
66,Samford,0.0,,,,,,,,,,,,,0.0,,,,,,,,,2021,Outdoor
66,Santa Clara,0.0,,,,,,0.0,,,,,,,,,,,,,,,,2021,Outdoor
66,South Alabama,0.0,,,,,,,,,,,,,,0.0,,,,0.0,,,,2021,Outdoor
66,South Dakota St.,0.0,,,,,,,,,,,,,,0.0,,,,,,,,2021,Outdoor
66,Southern Illinois,0.0,,,,,,,,,,,,,,,,,,,0.0,,,2021,Outdoor
66,Southern Miss.,0.0,,,,,,,,,,,,,0.0,,,,,,,,,2021,Outdoor
66,Syracuse,0.0,,,,,,0.0,,0.0,,,,,,,,,,,,,,2021,Outdoor
66,Tennessee St.,0.0,,,,,,,,,,,,,,,,0.0,,,,,,2021,Outdoor
66,Texas Southern,0.0,,,,,,,,,,,,,,,0.0,,,,,,,2021,Outdoor
66,Texas State,0.0,,,,,,,,,,,,,,,0.0,,,,,,,2021,Outdoor
66,UC Irvine,0.0,,,,,,,,,,,,,,,,,,,,,0.0,2021,Outdoor
66,UC Santa Barbara,0.0,,,,,,,,,,,,,,,,,,,,0.0,,2021,Outdoor
66,UMass Lowell,0.0,,,,,,,,0.0,,,,,,,,,,,,,,2021,Outdoor
66,UT-Arlington,0.0,,,,,,,,,,,,,0.0,,,,,,,0.0,,2021,Outdoor
66,Villanova,0.0,,,,,0.0,,,0.0,,,,,,,,,,,,,,2021,Outdoor
66,Wake Forest,0.0,,,,,,,0.0,,,,,,,,,,,,,,,2021,Outdoor
66,Wichita State,0.0,,,,,,,,,0.0,,,,,,,,,,0.0,,,2021,Outdoor
66,Wisconsin,0.0,0.0,,,0.0,,,0.0,,,,,,,,,,,,,,,2021,Outdoor
66,Youngstown State,0.0,,,,,,,,,,0.0,,,,,,,,,,,,2021,Outdoor
1,Florida,54.0,14.0,10.0,12.0,,,,,,,,8.0,10.0,,,,,,,,0.0,,2022,Outdoor
2,Texas,38.0,0.0,5.0,5.0,0.0,,,,,,0.0,3.0,5.0,,,2.0,0.0,10.0,0.0,,,8.0,2022,Outdoor
3,Tennessee,34.0,8.0,,,,,,,,,0.0,5.0,0.0,,,16.0,0.0,5.0,,,,0.0,2022,Outdoor
4,Florida State,33.0,5.0,,,,,,0.0,2.0,10.0,,0.0,0.0,,,14.0,2.0,,,,,,2022,Outdoor
5,Georgia,32.0,3.0,8.0,6.0,0.0,,,,,,0.0,,0.0,8.0,,,,,,0.0,1.0,6.0,2022,Outdoor
6,LSU,31.0,1.0,0.0,,,,,,,8.0,10.0,,0.0,,,,6.0,0.0,,0.0,6.0,,2022,Outdoor
7,Princeton,27.0,,,0.0,2.0,6.0,4.0,,,,,0.0,0.0,0.0,15.0,,,0.0,0.0,,,,2022,Outdoor
8,Stanford,24.0,0.0,6.0,,,,,5.0,8.0,,,,,,0.0,,5.0,,,,,,2022,Outdoor
9,N. Carolina A&T,22.0,6.0,0.0,10.0,,,,,,0.0,0.0,1.0,1.0,,,4.0,,,,,,,2022,Outdoor
9,Texas Tech,22.0,0.0,1.0,,10.0,,,,,,8.0,0.0,,0.0,,,3.0,,,,0.0,,2022,Outdoor
11,Alabama,21.0,,4.0,0.0,,0.0,,,0.0,,0.0,,6.0,,,,,6.0,,5.0,,,2022,Outdoor
12,USC,20.0,0.0,0.0,0.0,0.0,,,,,1.0,,10.0,8.0,0.0,,,,,,1.0,,,2022,Outdoor
12,Washington,20.0,,,,,16.0,,2.0,0.0,,0.0,,,,,,,,2.0,0.0,0.0,0.0,2022,Outdoor
14,Virginia,18.0,,,,,,0.0,,,,,,,,,,0.0,,10.0,,8.0,,2022,Outdoor
15,Arizona State,17.0,,,0.0,3.0,,,0.0,,,,,,0.0,,,,8.0,6.0,,,,2022,Outdoor
16,Oklahoma,14.0,0.0,0.0,3.0,,,,,,,6.0,0.0,,5.0,,,,0.0,,0.0,,0.0,2022,Outdoor
16,TCU,14.0,,2.0,,,,,,,,,2.0,0.0,,,,10.0,,,,,,2022,Outdoor
18,Baylor,13.0,0.0,,,,,,,,0.0,5.0,4.0,0.0,,,0.0,,,,,4.0,,2022,Outdoor
18,California,13.0,,,,,,,,,,,,,,,,,0.0,13.0,0.0,,0.0,2022,Outdoor
18,Houston,13.0,0.0,3.0,,,,,,,0.0,4.0,6.0,0.0,,0.0,,,,,,,,2022,Outdoor
18,Minnesota,13.0,,,,,,3.0,,,,,,,,,,,,4.0,6.0,,,2022,Outdoor
18,Oklahoma State,13.0,,,,,0.0,5.0,,8.0,,,,,,,,,,,,,,2022,Outdoor
23,Arkansas,12.0,,,,,,,0.0,0.0,0.0,,,0.0,,,0.0,,,,,,12.0,2022,Outdoor
23,Northern Arizona,12.0,,0.0,,,0.0,,6.0,6.0,,,,,,,,,,,,,,2022,Outdoor
25,Oregon,11.0,2.0,,,0.0,0.0,,0.0,1.0,,,0.0,,,,,8.0,,,,0.0,,2022,Outdoor
25,Texas A&M,11.0,0.0,,0.0,6.0,,,,,,1.0,,4.0,0.0,,,,0.0,,,,,2022,Outdoor
25,UT-Arlington,11.0,,,,,,,,,0.0,,,,3.0,,,,,,,3.0,5.0,2022,Outdoor
25,Montana State,11.0,,,,,,8.0,,,,3.0,,,,0.0,,,,,,,,2022,Outdoor
25,Wisconsin,11.0,0.0,0.0,,0.0,1.0,,10.0,0.0,,,,,,,,,,,,,,2022,Outdoor
30,Kansas State,10.0,,,,,,,,,,,,0.0,10.0,,,,,,0.0,,0.0,2022,Outdoor
30,Eastern Kentucky,10.0,,,,,,10.0,,,,,,,,,,,,,,,,2022,Outdoor
30,Miss State,10.0,,,,8.0,,,,,,,,,,,0.0,,,,,2.0,,2022,Outdoor
30,Notre Dame,10.0,,,,0.0,,0.0,0.0,10.0,,,,,,,,,0.0,,,,,2022,Outdoor
30,Penn,10.0,,,,,,,,,,,,,,,,,,,,10.0,,2022,Outdoor
30,SE Missouri,10.0,,,,,,,,,,,,,,,,,,,10.0,,,2022,Outdoor
36,Clemson,9.0,,0.0,,0.0,,,,,9.0,,0.0,0.0,,,,,,0.0,,,,2022,Outdoor
36,Kentucky,9.0,,0.0,0.0,,,,,,,0.0,0.0,3.0,,6.0,,,0.0,,,,,2022,Outdoor
36,Wichita State,9.0,,,,,,,,,,,,,,,,,,,4.0,5.0,,2022,Outdoor
39,Ole Miss,8.0,,,,0.0,8.0,,0.0,,,,,,,,,,0.0,,,,,2022,Outdoor
39,Penn State,8.0,,,,,,,,,,,,0.0,,,,,,,8.0,,,2022,Outdoor
39,BYU,8.0,,,,0.0,,3.0,0.0,0.0,,2.0,0.0,,,3.0,,,,,,0.0,0.0,2022,Outdoor
39,Iowa,8.0,,,,,,,,,0.0,0.0,0.0,2.0,,,0.0,0.0,1.0,1.0,,,4.0,2022,Outdoor
39,Michigan State,8.0,,,,,0.0,,8.0,,,,,,,0.0,,,,,,,0.0,2022,Outdoor
39,Sam Houston,8.0,,,,,,,,,,,,,,8.0,,,,,,,,2022,Outdoor
45,Stephen F. Austin,7.0,,0.0,,,,,,,,,0.0,,,4.0,,,,,,0.0,3.0,2022,Outdoor
46,Ohio State,6.0,0.0,0.0,1.0,,,,,,3.0,,0.0,0.0,0.0,0.0,,,2.0,0.0,,,,2022,Outdoor
46,Auburn,6.0,,,,,,,,,,,,,6.0,0.0,,,,,0.0,,,2022,Outdoor
46,Georgetown,6.0,,,,,,6.0,,,,,,,,,,,,,,,,2022,Outdoor
46,Michigan,6.0,,,0.0,0.0,,0.0,,,6.0,,,,,,,,,,,,,2022,Outdoor
50,Miami (Fla.),5.0,,,,0.0,,,,,,,,,0.0,,0.0,0.0,,3.0,2.0,,,2022,Outdoor
50,Wake Forest,5.0,,,,,5.0,,0.0,,,,,,0.0,,,,,,,,,2022,Outdoor
50,Iowa State,5.0,,,,5.0,0.0,,0.0,,,,,,,,,,,0.0,,,,2022,Outdoor
50,Missouri,5.0,,,,0.0,,,,,,,,,1.0,,,4.0,,,,,,2022,Outdoor
54,Campbell,4.0,,,,,,,0.0,4.0,,,,,,,,,,,,,,2022,Outdoor
54,Villanova,4.0,,,,4.0,,,,0.0,,,,,,,,,,,,,,2022,Outdoor
54,Air Force,4.0,,,,,,0.0,4.0,,,,,,,,,,,,,,,2022,Outdoor
54,Northern Iowa,4.0,,,,,,,,,,,,,,,,,4.0,0.0,,,,2022,Outdoor
54,Washington St.,4.0,,,,,,0.0,,,,,,,4.0,0.0,,,,,,,,2022,Outdoor
59,Rutgers,3.0,,,,,,,,,,0.0,,,,,3.0,,,,,,,2022,Outdoor
59,Illinois,3.0,,,,,3.0,,,,,,,,,,,,,,,,,2022,Outdoor
59,Illinois State,3.0,,,,,,,,,,,,,,,,,3.0,,,,,2022,Outdoor
59,Nebraska,3.0,,,,,,,,,0.0,,,,0.0,,,,0.0,,3.0,,,2022,Outdoor
59,Tulsa,3.0,,,,,,,3.0,,,,,,,,,,,,,,,2022,Outdoor
64,Kansas,2.0,,,,,,,,,,,,,,2.0,,,,,,,0.0,2022,Outdoor
64,Charlotte,2.0,,,,,,,,,2.0,,,,,,,,,,,,,2022,Outdoor
64,Louisville,2.0,,,,,,,,,,,,,2.0,0.0,0.0,,,0.0,,,,2022,Outdoor
64,UTEP,2.0,,,2.0,,,,,,,,,,,,,,,,,,,2022,Outdoor
68,Lipscomb,1.0,,,,1.0,,,,,,,,,,,,,,,,,,2022,Outdoor
68,North Carolina,1.0,,,,,0.0,,1.0,,,,,,,,,,,,0.0,,,2022,Outdoor
68,South Alabama,1.0,,,,,,,,,,,,,,1.0,,,,,,,,2022,Outdoor
68,Abilene Christian,1.0,,,,,,,,,,,,,,,,,,,,,1.0,2022,Outdoor
68,Prairie View,1.0,,,,,,,,,,,,,,,,1.0,,,,,,2022,Outdoor
73,Duke,0.0,,,,,0.0,,,,,,,,,0.0,,,,,,0.0,,2022,Outdoor
73,Liberty,0.0,,,,,,,,,,,0.0,,0.0,,,,,0.0,,,,2022,Outdoor
73,Purdue,0.0,,,,,,,,,,,0.0,,,,0.0,0.0,,,0.0,,0.0,2022,Outdoor
73,South Carolina,0.0,,0.0,,,0.0,,,,,0.0,0.0,,0.0,,,,0.0,,,,,2022,Outdoor
73,Virginia Tech,0.0,,,,,,0.0,,,,,0.0,,,,,0.0,,,0.0,,,2022,Outdoor
73,Colorado,0.0,,,,,,,,,,,,0.0,,,,,,,,,,2022,Outdoor
73,New Mexico,0.0,,,0.0,,,,,,,0.0,,0.0,,,,,,,,,,2022,Outdoor
73,North Dakota State,0.0,,,,,,,,,,,,0.0,,,,,,,,,,2022,Outdoor
73,Texas State,0.0,,,,,,,,,,,0.0,,,,,,,,,,,2022,Outdoor
73,UCLA,0.0,,,0.0,,,,,,,,,,,,,,,,,,,2022,Outdoor
73,Akron,0.0,,,,,,,,,,,,,,0.0,,,,,,,,2022,Outdoor
73,Army West Point,0.0,,,,,,,,,,0.0,,,,,,,,0.0,,,,2022,Outdoor
73,Binghamton,0.0,,,,,,,0.0,,,,,,,,,,,,,,,2022,Outdoor
73,Butler,0.0,,,,,,,,0.0,,,,,,,,,,,,,,2022,Outdoor
73,Charleston Southern,0.0,,,,,,,,0.0,,,,,,,,,,,,,,2022,Outdoor
73,Cincinnati,0.0,,,0.0,,,,,,,,,,,,,,,,,,,2022,Outdoor
73,Connecticut,0.0,,,,,,,0.0,,,,,,,,,,,,,,,2022,Outdoor
73,Coppin State,0.0,0.0,0.0,,,,,,,,,,,,,,,,,,,,2022,Outdoor
73,Cornell,0.0,,,,,0.0,,,,,,,,,,,,,,,,,2022,Outdoor
73,Davidson,0.0,,,,,,,,,,0.0,,,,,,,,,,,,2022,Outdoor
73,Duquesne,0.0,,,,0.0,,,,,,,,,,,,,,,,,,2022,Outdoor
73,Fairleigh Dickinson,0.0,,,,,,,,,,,,,,,,0.0,,,,,,2022,Outdoor
73,Furman,0.0,,,,,,0.0,,,,,,,,,,,,,,,,2022,Outdoor
73,Harvard,0.0,,,,,,,0.0,0.0,,,,,,,,0.0,,0.0,,,,2022,Outdoor
73,Indiana,0.0,,,,,,,,,,,,,,,,,,,0.0,,,2022,Outdoor
73,Maryland,0.0,,,,,,,,,,0.0,,,,,,,,,,,,2022,Outdoor
73,Memphis,0.0,,,,,,,,,,,,,,0.0,,,,,0.0,,,2022,Outdoor
73,Mid. Tenn. State,0.0,0.0,0.0,,,,,,,,,,,0.0,,,,,,,,,2022,Outdoor
73,Monmouth,0.0,,,,,,,,,,,,,,,,,,,,0.0,,2022,Outdoor
73,Navy,0.0,,,,,,,,,,,,,,,,,,,,0.0,,2022,Outdoor
73,NC State,0.0,,,,,,,,,0.0,,,,,,,,,,,,,2022,Outdoor
73,New Orleans,0.0,0.0,0.0,,,,,,,,,,,,,,,,,,,,2022,Outdoor
73,Northeastern,0.0,,,,,,0.0,,,,,,,,,,,,,,,,2022,Outdoor
73,Northwestern St.,0.0,,,,,,,,,,,,,,,,,0.0,0.0,,,,2022,Outdoor
73,Pittsburgh,0.0,,,,,,,,,,,,,,,,,,,0.0,,,2022,Outdoor
73,Providence,0.0,,,,,0.0,,,,,,,,,,,,,,,,,2022,Outdoor
73,Samford,0.0,,,,,,0.0,,,,,,,,,,,,,,0.0,,2022,Outdoor
73,South Florida,0.0,,,,,,,,,,,,,0.0,,,,,,,,,2022,Outdoor
73,Southern Miss.,0.0,,,,,,,,,,,,,0.0,,,,,,,,,2022,Outdoor
73,Syracuse,0.0,,,,,0.0,,,,0.0,,,,,,,,,,,,,2022,Outdoor
73,Tennessee St.,0.0,,,,,,,,,,,,,,,,0.0,,,,,,2022,Outdoor
73,Yale,0.0,,,,,,,,,,,,,,,,,,0.0,,,,2022,Outdoor
73,Youngstown St.,0.0,,,,,0.0,,,,,,,,,0.0,,,,,,,,2022,Outdoor
73,Arizona,0.0,,,,,,,,,,,,,,,0.0,,,,,0.0,,2022,Outdoor
73,Arkansas State,0.0,,,,,,0.0,,,,,,,,,,,,,,,,2022,Outdoor
73,Colorado St.,0.0,,,,,0.0,,,,,,,,,,,,,0.0,,0.0,,2022,Outdoor
73,Drake,0.0,,,,,0.0,,,,,,,,,,,,,,0.0,,,2022,Outdoor
73,Gonzaga,0.0,,,,,,,,0.0,,,,,,,,,,,,,,2022,Outdoor
73,Grand Canyon,0.0,,,,,,,,,,,,,,,0.0,,,,,0.0,,2022,Outdoor
73,Idaho,0.0,,,,0.0,,,,,,,,,,,,,,,,,,2022,Outdoor
73,Idaho State,0.0,,,,,,,,,,,,,,,0.0,,,,,,,2022,Outdoor
73,Lamar,0.0,,,,,,,,,,,,,,,0.0,,,,,,,2022,Outdoor
73,Long Beach St.,0.0,,,,,,,,,,,,,,,0.0,0.0,,,,,,2022,Outdoor
73,Loyola Marymount,0.0,,,,,,0.0,,,,,,,,,,,,,,,,2022,Outdoor
73,Portland,0.0,,,,,0.0,,,,,,,,,,,,,,,,,2022,Outdoor
73,Rice,0.0,,,,,,,,,,,,,,0.0,,,,,,0.0,,2022,Outdoor
73,Sacramento St.,0.0,,,,,,,,,,,,,,,,,,,0.0,,,2022,Outdoor
73,South Dakota,0.0,,,,,,,,,,,,,,0.0,,,,,,,,2022,Outdoor
73,Texas A&M-CC,0.0,,,,,,,,,,,,,,,,,,,,,0.0,2022,Outdoor
73,UC Irvine,0.0,,,,,,,,,,,,,,,,,,,,,0.0,2022,Outdoor
73,Utah Valley,0.0,,,,,,0.0,,,,,,,,,0.0,,,,,,,2022,Outdoor
73,UTSA,0.0,,,,,,,,,0.0,,,,,,0.0,0.0,,,,,,2022,Outdoor
73,Wyoming,0.0,,,,,,,,,,,,,,,0.0,,,0.0,,,,2022,Outdoor
1,Florida,57.0,4.0,5.0,20.0,,,,,,,0.0,8.0,10.0,,,5.0,5.0,,,,,,2023,Outdoor
2,Arkansas,53.0,,,0.0,,,,,1.0,10.0,0.0,0.0,1.0,,,18.0,10.0,2.0,8.0,,,3.0,2023,Outdoor
3,Stanford,44.0,3.0,10.0,,,,,13.0,18.0,,,,,,0.0,0.0,,,,,,,2023,Outdoor
4,LSU,43.0,13.0,0.0,,,,,,,0.0,0.0,10.0,0.0,,,1.0,0.0,4.0,5.0,,10.0,,2023,Outdoor
5,Arizona State,41.0,,0.0,10.0,,,,,,,,5.0,8.0,,,,,8.0,10.0,,,,2023,Outdoor
6,Texas Tech,34.5,10.0,14.0,,,,,,,0.0,5.0,0.0,,,5.5,,0.0,,0.0,,,0.0,2023,Outdoor
7,Georgia,28.0,,0.0,0.0,10.0,,,,,,3.0,0.0,2.0,,,,,,,0.0,5.0,8.0,2023,Outdoor
8,Alabama,27.0,,4.0,0.0,,,,,0.0,,18.0,0.0,5.0,,,,,,0.0,0.0,,,2023,Outdoor
9,Washington,26.5,,,,0.0,18.0,0.0,0.0,,,2.0,,,,5.5,,,,1.0,0.0,0.0,0.0,2023,Outdoor
10,BYU,22.5,,,,,,10.0,0.0,6.0,,,,0.0,,2.5,,,,2.0,,1.0,1.0,2023,Outdoor
11,Harvard,21.0,,,,,,,8.0,3.0,,0.0,,,,,,,0.0,,10.0,,,2023,Outdoor
11,Virginia,21.0,,,,4.0,,6.0,,,,,,,,,,3.0,,,,8.0,,2023,Outdoor
13,Texas,18.0,0.0,,,8.0,,,,,,0.0,0.0,0.0,0.0,,,,0.0,0.0,,,10.0,2023,Outdoor
14,Houston,17.33333334326744,6.0,3.0,,,,,,,8.0,,,,,0.3333333432674408,,,,,,,,2023,Outdoor
15,Florida State,17.0,0.0,0.0,,,,,0.0,,,0.0,6.0,,,,2.0,6.0,,3.0,,,,2023,Outdoor
15,Wisconsin,17.0,0.0,,,5.0,6.0,,6.0,0.0,,,,,,,,,0.0,,,,,2023,Outdoor
17,Arizona,16.0,,,,,,,,,,,0.0,,,,,,10.0,0.0,6.0,0.0,,2023,Outdoor
17,Nebraska,16.0,,,,,,,,,3.0,,0.0,,3.0,,0.0,,5.0,0.0,,0.0,5.0,2023,Outdoor
19,Baylor,15.33333334326744,,0.0,0.0,,,,,,,6.0,,3.0,,0.3333333432674408,,,,,,6.0,,2023,Outdoor
20,Minnesota,15.0,0.0,0.0,,,,4.0,,,0.0,,0.0,,,,,,,,11.0,,,2023,Outdoor
21,Miami (Fla.),13.0,,,,,,,,,0.0,,,,,,0.0,8.0,,,5.0,,,2023,Outdoor
22,Tennessee,11.0,0.0,0.0,6.0,,,,0.0,0.0,1.0,4.0,,0.0,,,,0.0,,,,,,2023,Outdoor
22,Oklahoma,11.0,,0.0,0.0,,,,,,,,,0.0,8.0,,3.0,0.0,,,,,0.0,2023,Outdoor
22,Texas A&M,11.0,0.0,,,0.0,,,,,2.0,1.0,0.0,4.0,0.0,0.0,,,,,,4.0,,2023,Outdoor
25,South Florida,10.0,,,,,,,,,,,0.0,,10.0,,,,,,,,,2023,Outdoor
25,South Alabama,10.0,,,,,,,,0.0,,,,,,10.0,,,,0.0,,,,2023,Outdoor
27,Penn State,9.0,,,,6.0,1.0,,,,,,,0.0,,0.0,,,,,2.0,,,2023,Outdoor
27,USC,9.0,,,0.0,,,,,,5.0,,0.0,0.0,0.0,,0.0,,,,4.0,,,2023,Outdoor
27,Oklahoma State,9.0,,,,3.0,0.0,2.0,,4.0,,,,,,,,,,,,,,2023,Outdoor
30,Akron,8.0,,,0.0,,,,0.0,,,,,,,8.0,,,,,0.0,,,2023,Outdoor
30,Montana State,8.0,,,,,,8.0,,0.0,,,,,,,,,,,,,,2023,Outdoor
32,Louisville,7.0,0.0,1.0,,,,,,,,,3.0,0.0,3.0,,,,0.0,,,,,2023,Outdoor
32,Miss State,7.0,,,,0.0,,,,,,,,0.0,3.0,,4.0,,,,,0.0,0.0,2023,Outdoor
32,California,7.0,,,,,0.0,,,,,,,,,0.0,,,1.0,6.0,0.0,,,2023,Outdoor
32,North Carolina,7.0,,,,,3.0,0.0,4.0,,,0.0,,,,,,,,,0.0,,,2023,Outdoor
36,Kentucky,6.333333343267441,,0.0,0.0,,,,,,,,,0.0,,0.3333333432674408,6.0,,0.0,,,,,2023,Outdoor
37,Ohio State,6.0,,,,,,,,,,,,,3.0,,,0.0,3.0,0.0,,,,2023,Outdoor
37,Iowa,6.0,,0.0,,,,,,,0.0,0.0,0.0,0.0,,,,0.0,,,,,6.0,2023,Outdoor
37,UCLA,6.0,,,0.0,,,0.0,,,,,0.0,6.0,,,,0.0,,,,,,2023,Outdoor
37,Cincinnati,6.0,,,,,,,,,,,,,,,,,6.0,,,,,2023,Outdoor
37,Syracuse,6.0,,,,,,0.0,,0.0,6.0,,,,,,,,,,,,,2023,Outdoor
37,Missouri,6.0,,,,0.0,,,,,,,,,6.0,,,,,,,,,2023,Outdoor
37,UTEP,6.0,,,,,,6.0,,,,,,,0.0,,,,,,,,,2023,Outdoor
44,South Carolina,5.0,,,,,5.0,,,,0.0,,,,,,,,,,,,,2023,Outdoor
44,Wake Forest,5.0,,,,,,,5.0,,,,,,,,,,,,,,,2023,Outdoor
44,Gonzaga,5.0,,,,,,,0.0,5.0,,,,,,,,,,,,,,2023,Outdoor
47,Alabama State,4.0,,,,,,,,,,,4.0,0.0,,,,,,,,,,2023,Outdoor
47,Clemson,4.0,,0.0,,0.0,,,,,4.0,,0.0,0.0,,,,,,,,0.0,,2023,Outdoor
47,Fairleigh Dickinson,4.0,,,,,,,,,,,,,,,,4.0,,,,,,2023,Outdoor
47,Liberty,4.0,,,,,,,,,,,,,,,,,,4.0,,,,2023,Outdoor
47,Michigan State,4.0,,,,,0.0,,,,,,,,,0.0,,,,,,,4.0,2023,Outdoor
47,Notre Dame,4.0,,,,,,0.0,2.0,,,,,,,,,,0.0,,,2.0,,2023,Outdoor
47,Drake,4.0,,,,,4.0,,,,,,,,,,,,,,0.0,,,2023,Outdoor
47,Kansas,4.0,,,0.0,0.0,,,0.0,,,0.0,,,,4.0,,,0.0,0.0,,,0.0,2023,Outdoor
55,N. Carolina A&T,3.0,,,3.0,,,,,,,,,0.0,,,,,,,,,,2023,Outdoor
55,Eastern Kentucky,3.0,,,,0.0,,3.0,,,,,,,0.0,,,,,,,,,2023,Outdoor
55,Navy,3.0,,,,,,,,,,,,,,,,,,,,3.0,,2023,Outdoor
55,SE Louisiana,3.0,,,,,,,,,,,,,3.0,,,,,,,,,2023,Outdoor
55,Northern Arizona,3.0,,2.0,,,0.0,,1.0,,,,,,,,,,,,,,,2023,Outdoor
60,Princeton,2.5,,,,,,,0.0,,,,,,,2.5,,,,,,,,2023,Outdoor
61,Ole Miss,2.0,,,,1.0,,,,,0.0,,,,,,,,0.0,,1.0,,,2023,Outdoor
61,Oregon,2.0,2.0,,,0.0,,0.0,,,,,0.0,,,,,,,,,,0.0,2023,Outdoor
61,Butler,2.0,,,,,,,0.0,2.0,,,,,,,,,,,,,,2023,Outdoor
61,Villanova,2.0,,,,0.0,0.0,,,0.0,,,,,,,,2.0,,,,,,2023,Outdoor
61,Cal Poly,2.0,,,,2.0,,,,,,,,,,,,,,,,,,2023,Outdoor
61,Iowa State,2.0,,,,,2.0,,,,,,,,,,,,,,,,,2023,Outdoor
61,UTSA,2.0,,,,,,,,,0.0,,,,,,,,,,,,2.0,2023,Outdoor
68,Auburn,1.0,1.0,,,,,,,,,0.0,,,0.0,,,,,,0.0,,,2023,Outdoor
68,Southern Utah,1.0,,,,,,,,,,,,,,,0.0,1.0,,,,,,2023,Outdoor
70,Campbell,0.0,,,,,,,,,,,0.0,,,,,,,,,,,2023,Outdoor
70,Duke,0.0,,,,,,,,,,,,,0.0,,,,,0.0,,0.0,,2023,Outdoor
70,Louisiana,0.0,,,,,,,,,,,0.0,,,,,,,,,,,2023,Outdoor
70,Michigan,0.0,,,0.0,,0.0,,,,,,,,,,,,,0.0,,,,2023,Outdoor
70,Penn,0.0,,,,,,,,,,,,,,0.0,,,,,,,,2023,Outdoor
70,Purdue,0.0,,,,,,,,,,,0.0,,,,,0.0,,,,,,2023,Outdoor
70,New Mexico,0.0,,,0.0,,,0.0,,,,,,0.0,,,0.0,,,,,,,2023,Outdoor
70,TCU,0.0,,,,,,,,,,,,0.0,,,,0.0,,,,,,2023,Outdoor
70,Albany,0.0,,,,,,,,,,,,,,,0.0,,,,,,,2023,Outdoor
70,Brown,0.0,,,,,,,,,,,,,,,0.0,,,,,,,2023,Outdoor
70,Charlotte,0.0,,,,,,,,0.0,,,,,,,,,,,,,,2023,Outdoor
70,Connecticut,0.0,,,,,,,,,,0.0,,,,,0.0,,,,,0.0,,2023,Outdoor
70,Cornell,0.0,,,,,,,,0.0,,,,,,,,,,,,,,2023,Outdoor
70,Delaware State,0.0,,,,,,,,,0.0,,,,,,,,,,,,,2023,Outdoor
70,FIU,0.0,,,,,,,,,,,,,,,0.0,,,,,,,2023,Outdoor
70,Furman,0.0,,,,,,0.0,,,,,,,,,,,,,,,,2023,Outdoor
70,Georgetown,0.0,,,,,0.0,0.0,,,,,,,,,,,,,,,,2023,Outdoor
70,Georgia Tech,0.0,,,,,,0.0,,,,,,,,,,,0.0,0.0,,,,2023,Outdoor
70,Hampton,0.0,,,,0.0,,,,,,,,,,,,,,,,,,2023,Outdoor
70,Indiana,0.0,,,,,,,,,,,,,,0.0,,,,0.0,,,,2023,Outdoor
70,Indiana State,0.0,,,,,,,,,,,,,,0.0,,,,,,,,2023,Outdoor
70,Iona,0.0,,,,,0.0,,,,,,,,,,,,,,,,,2023,Outdoor
70,Jackson State,0.0,,,,,,,,,,,,,0.0,,,,,,,,,2023,Outdoor
70,Kennesaw State,0.0,,,,,,,,,,,,,,,,0.0,0.0,0.0,0.0,,,2023,Outdoor
70,Louisiana Tech,0.0,0.0,,,,,,,,,,,,,,,,,,,,,2023,Outdoor
70,Maryland,0.0,,,,,,,,,,,,,,,,,0.0,,,,,2023,Outdoor
70,Miami (Ohio),0.0,,,,,,0.0,,,,,,,,,,,,,,,,2023,Outdoor
70,Mid. Tenn. State,0.0,0.0,0.0,,,,,,,,,,,,,,,,,,,,2023,Outdoor
70,Monmouth,0.0,,,,,,,,,,,,,,,,,,,,0.0,,2023,Outdoor
70,NC State,0.0,,,,,0.0,,,,0.0,,,,,,,0.0,,,,,,2023,Outdoor
70,North Florida,0.0,,,,,,,,0.0,,,,,,,,,,,,,,2023,Outdoor
70,Northeastern,0.0,,,,,,,,,0.0,,,,,,,,,,,,,2023,Outdoor
70,Pittsburgh,0.0,,,,,0.0,,,,,,,,,,,,,,,,,2023,Outdoor
70,Providence,0.0,,,,,,,,0.0,,,,,,,,,,,,,,2023,Outdoor
70,Rhode Island,0.0,,,,,,,,,,,,,,,,,,,,0.0,,2023,Outdoor
70,Rutgers,0.0,,,,,,,,,,,,,,,0.0,,,,,,,2023,Outdoor
70,Samford,0.0,,,,,,,,,0.0,,,,,,,,,,,,,2023,Outdoor
70,Southern Miss.,0.0,,,,,,,,,,,,,0.0,,,,,,,,,2023,Outdoor
70,ULM,0.0,,,,,,,,,,,,,0.0,,,,,,,,,2023,Outdoor
70,UNCW,0.0,,,,,,,,,0.0,,,,,,,,,,,,,2023,Outdoor
70,USC Upstate,0.0,,,,,,,,,,,,,0.0,,,,,,,,,2023,Outdoor
70,Virginia Tech,0.0,0.0,,,0.0,,,0.0,,,,,,,,,,,,,,,2023,Outdoor
70,Youngstown St.,0.0,,,,,,,,,,,,,,0.0,,,,0.0,,,,2023,Outdoor
70,Air Force,0.0,,,,,,,0.0,,0.0,,,,,,,,,,,,,2023,Outdoor
70,Arkansas State,0.0,,,,,,,,,,,,,,0.0,,,,,0.0,,,2023,Outdoor
70,Arkansas-Pine Bluff,0.0,,,,,,,,,,,,,0.0,,,,,,,,,2023,Outdoor
70,Colorado St.,0.0,,,,,,,,,,,,,,,,0.0,,,,0.0,,2023,Outdoor
70,Eastern Washington,0.0,,,,,,,,,,,,,,,,0.0,,,,,,2023,Outdoor
70,Illinois,0.0,,,,,,,,,,0.0,,,0.0,,,,,,,,0.0,2023,Outdoor
70,Kansas State,0.0,,,,,,,,,,,,,,,,,,,0.0,,,2023,Outdoor
70,Little Rock,0.0,,,,,,,,,,,,,0.0,,,,,,,,,2023,Outdoor
70,Long Beach St.,0.0,,,,0.0,,,,,,,,,,,,,,,,,,2023,Outdoor
70,North Dakota State,0.0,,,,0.0,,,,,,,,,,,,,,,0.0,0.0,,2023,Outdoor
70,North Texas,0.0,0.0,,,,,,,,,,,,,,,,,,,0.0,,2023,Outdoor
70,Northern Iowa,0.0,0.0,0.0,,,,,,,,,,,,,,,,,,,,2023,Outdoor
70,Portland,0.0,,,,,0.0,,0.0,,,,,,,,,,,,,,,2023,Outdoor
70,Rice,0.0,,,,,,,,,,,,,,0.0,,,,,,,0.0,2023,Outdoor
70,Saint Louis,0.0,,,,,,,0.0,,,,,,,,,,,,,,,2023,Outdoor
70,San Jose St.,0.0,,,,,,,,,,,,,,,0.0,,,,0.0,,,2023,Outdoor
70,SE Missouri,0.0,,,,,,,,,,,,,,,,,,,0.0,,,2023,Outdoor
70,Stephen F. Austin,0.0,,,,,,,,,,,,,,0.0,,,,,,0.0,,2023,Outdoor
70,Texas Southern,0.0,,,,,,,,,,,,,,,,0.0,,,,,,2023,Outdoor
70,Texas State,0.0,,,,,,,,,,,,,,,0.0,,,,,,,2023,Outdoor
70,Tulsa,0.0,,,,,,,,0.0,,,,,,,,,,,,,,2023,Outdoor
70,Washington St.,0.0,0.0,,,,,,,,,,,,,,,,,,,,,2023,Outdoor
70,Weber State,0.0,,,,,,0.0,,,,,,,,,,,,,,,,2023,Outdoor
70,Wichita State,0.0,,,,,,,,,,,,,0.0,,,,,,,,,2023,Outdoor
70,Wyoming,0.0,,,,,,,,,,,,,,,0.0,,,,,,,2023,Outdoor
1,Florida,41.0,3.0,8.0,8.0,,0.0,,,,,,5.0,6.0,,,6.0,1.0,,4.0,0.0,0.0,,2024,Outdoor
2,Auburn,40.0,14.0,4.0,,,,,,,8.0,,10.0,,,,,,0.0,,,4.0,0.0,2024,Outdoor
3,USC,33.0,0.0,0.0,5.0,,,,,,0.0,,0.0,1.0,0.0,,15.0,0.0,,8.0,4.0,0.0,,2024,Outdoor
4,Alabama,32.0,,5.0,8.0,0.0,,,,8.0,,11.0,0.0,0.0,,,,,,,,,,2024,Outdoor
5,Texas A&M,31.0,,,0.0,10.0,,0.0,,,6.0,5.0,,10.0,,,,,,,,0.0,,2024,Outdoor
6,Houston,30.5,12.0,3.0,,,,,,,4.0,,6.0,,0.0,5.5,,0.0,,,,,,2024,Outdoor
7,Arkansas,30.0,0.0,1.0,0.0,,,,,1.0,0.0,,,8.0,10.0,,4.0,,,,,,6.0,2024,Outdoor
8,Virginia,26.0,,,,10.0,3.0,10.0,,0.0,,,,,,,,,,3.0,0.0,,,2024,Outdoor
9,Georgia,25.0,0.0,,10.0,,,,,,,,0.0,,2.0,0.0,,,3.0,,,10.0,,2024,Outdoor
10,Miami (Fla.),22.0,,,0.0,,,,,,,,,,0.0,,,8.0,,2.0,,6.0,6.0,2024,Outdoor
10,Kansas,22.0,,,,,,,0.0,4.0,,,,,4.0,8.0,0.0,,,6.0,,,0.0,2024,Outdoor
12,Texas,20.0,0.0,0.0,0.0,3.0,,,,,,0.0,4.0,3.0,,,,0.0,0.0,0.0,0.0,,10.0,2024,Outdoor
13,Texas Tech,19.0,,,0.0,,,,,5.0,,14.0,0.0,0.0,0.0,0.0,,0.0,0.0,0.0,,,,2024,Outdoor
13,Nebraska,19.0,,0.0,,,,,,,10.0,,,,8.0,,,0.0,1.0,,,0.0,,2024,Outdoor
15,Washington,18.2,,,,,10.0,,,,,0.0,,,,0.2,0.0,,,,,8.0,0.0,2024,Outdoor
16,Harvard,17.0,,,,,,,4.0,,,,,0.0,5.0,,,,,,8.0,,,2024,Outdoor
16,LSU,17.0,5.0,,0.0,,,,,,1.0,1.0,8.0,2.0,0.0,,,,0.0,,,0.0,,2024,Outdoor
18,Iowa State,16.0,,,,6.0,2.0,6.0,0.0,2.0,,,,,,,,,0.0,0.0,,,,2024,Outdoor
19,Florida State,15.0,,,,,,,0.0,,0.0,,,,,,8.0,7.0,,,,,,2024,Outdoor
20,Kentucky,14.0,,0.0,,,,,,,,,0.0,,,10.0,,4.0,,,,,,2024,Outdoor
20,Ole Miss,14.0,,,,,,,2.0,,0.0,,,,,,,0.0,10.0,,2.0,,,2024,Outdoor
20,Wisconsin,14.0,,,,0.0,6.0,,0.0,,0.0,,,,,,,,8.0,,,,,2024,Outdoor
23,Northern Arizona,13.0,,,,,5.0,,8.0,0.0,,,,,,,,,,,,,,2024,Outdoor
23,New Mexico,13.0,,,,,,,3.0,10.0,,,,,,,,,,,,,,2024,Outdoor
25,California,12.5,0.0,,,,,,,,,,0.0,,,2.5,,,0.0,,10.0,,,2024,Outdoor
26,South Florida,12.0,4.0,6.0,,,,,,,,0.0,0.0,0.0,,,2.0,,,,,,,2024,Outdoor
27,Baylor,11.0,0.0,0.0,,,,,,,,6.0,0.0,0.0,,,,,,,,5.0,,2024,Outdoor
27,Miss State,11.0,,,,,,,,,,,0.0,0.0,,,,,0.0,0.0,,3.0,8.0,2024,Outdoor
27,Oklahoma State,11.0,,,,0.0,0.0,0.0,5.0,6.0,,,,0.0,,,,,,,,,,2024,Outdoor
27,Oregon,11.0,0.0,,,,8.0,,,,,,,,,,,,,,,,3.0,2024,Outdoor
31,South Alabama,10.2,,,,,,,,,,,,,0.0,0.2,,,,10.0,,,,2024,Outdoor
32,Penn State,10.0,,10.0,,0.0,,,,,,,,0.0,,,,,,,,,,2024,Outdoor
32,FDU,10.0,,,,,,,,,,,,,,,,10.0,,,,,,2024,Outdoor
32,Georgetown,10.0,,,,0.0,,10.0,,,,,,,,,,,,,,,,2024,Outdoor
32,North Carolina,10.0,,,,,0.0,,10.0,0.0,,0.0,,,,,,,,,,,,2024,Outdoor
32,Oklahoma,10.0,,,,,,,,,,,,,3.0,,1.0,6.0,0.0,,0.0,,,2024,Outdoor
37,Clemson,9.0,,,0.0,5.0,,,,,,,,,,,,,4.0,,,0.0,,2024,Outdoor
37,Minnesota,9.0,,0.0,,,,,,,,,,,,,3.0,,,,6.0,,,2024,Outdoor
37,Tennessee,9.0,0.0,,3.0,,,,0.0,,,2.0,0.0,4.0,0.0,,,,,0.0,,0.0,,2024,Outdoor
40,BYU,7.0,,,,0.0,,0.0,0.0,,,,,0.0,,,,,5.0,1.0,,1.0,,2024,Outdoor
40,South Carolina,7.0,0.0,0.0,,,1.0,,,,,,,,0.0,,0.0,,6.0,,,,,2024,Outdoor
42,Arizona State,6.0,,,1.0,0.0,,,,,,,,5.0,,,,,0.0,,,,,2024,Outdoor
42,Illinois,6.0,,,,,,,,,,0.0,,,0.0,4.0,,0.0,2.0,,,,0.0,2024,Outdoor
42,Stanford,6.0,,,,,,,6.0,,,,,,,,,,,,,,,2024,Outdoor
42,Arkansas-Pine Bluff,6.0,,,,,,,,,,,,,6.0,,,,,,,,,2024,Outdoor
46,Duke,5.5,,,,,,,,,,,,,,5.5,0.0,,,,0.0,,,2024,Outdoor
47,Virginia Tech,5.2,,,4.0,1.0,,,,,,,,0.0,0.0,0.2,,0.0,,,,,0.0,2024,Outdoor
48,San Jose St.,5.0,0.0,,0.0,,,,,,5.0,,0.0,,,,,,,,,,,2024,Outdoor
48,Eastern Kentucky,5.0,,,,,,5.0,,0.0,,,,,,,,,,,,,,2024,Outdoor
48,Grand Canyon,5.0,,,,,,,,,,,,,,0.0,,,,,5.0,,0.0,2024,Outdoor
48,Missouri,5.0,,,,,,,,,,,,,,,,0.0,,5.0,,,,2024,Outdoor
52,Iona,4.0,,,,,4.0,,,,,,,,,,,,,,,,,2024,Outdoor
52,Notre Dame,4.0,,,,,,4.0,,0.0,,,,,,,,,0.0,,,,,2024,Outdoor
52,UT-Arlington,4.0,,,,,,,,,,,,,,0.0,,,,,,,4.0,2024,Outdoor
52,Villanova,4.0,,,,4.0,0.0,,0.0,,,,,,,,,,,,,,,2024,Outdoor
56,CSUN,3.0,0.0,0.0,,,,,,,,,0.0,,,,,,,,3.0,,,2024,Outdoor
56,Howard,3.0,,,,,,,,,3.0,0.0,,,,,,,,,,,,2024,Outdoor
56,Purdue,3.0,,0.0,,,,,,,,,,0.0,,,,3.0,,0.0,,,,2024,Outdoor
56,Louisville,3.0,,,,,,,,3.0,,,,,0.0,,0.0,,,,,,,2024,Outdoor
56,Portland,3.0,,,,,,3.0,,,,,,,,,,,,,,,,2024,Outdoor
61,Penn,2.5,,,,,,,,,,0.0,,,,2.5,,,,,,,,2024,Outdoor
62,Alabama State,2.0,0.0,2.0,,,,,,,,,,,,,,,,,,,,2024,Outdoor
62,Iowa,2.0,,,,0.0,,,,,,,,,,,,,,0.0,,2.0,,2024,Outdoor
62,Northern Colorado,2.0,,,,,,,,,2.0,,,,,,,,,,,,,2024,Outdoor
62,Washington St.,2.0,,,,,,,,,,,,,,,,,,,,,2.0,2024,Outdoor
66,Northwestern St.,1.0,1.0,,,,,,,,,,0.0,,,,,,,0.0,,,,2024,Outdoor
66,Butler,1.0,,,,0.0,,,1.0,0.0,,,,,,,,,,,,,,2024,Outdoor
66,Northeastern,1.0,,,,,,1.0,,,,,,,,,,,,,,,,2024,Outdoor
66,SE Missouri,1.0,,,,,,,,,,,,,,,,,,,1.0,,,2024,Outdoor
66,Wichita State,1.0,,,,,,,,,,,,,1.0,,,,,,,,,2024,Outdoor
71,South Dakota,0.4,,,,,,,,,,,,,0.0,0.4,,,,,,,,2024,Outdoor
72,Arizona,0.0,0.0,0.0,,,,,,,,0.0,0.0,,,,0.0,0.0,,,,,,2024,Outdoor
72,Campbell,0.0,0.0,,0.0,,,,,,,,,0.0,0.0,,,,,,,,,2024,Outdoor
72,Central Arkansas,0.0,,,,,,,,,,,0.0,,,,,,,,,,,2024,Outdoor
72,Charlotte,0.0,,,,,,,0.0,,,,,,,,,,,,,,,2024,Outdoor
72,Colorado,0.0,,,,,,0.0,,,,,,,,,,,,,,,,2024,Outdoor
72,Kansas State,0.0,,,0.0,,,,,,,,,0.0,,,,,,0.0,,,,2024,Outdoor
72,Louisiana,0.0,,,,,,,,,,0.0,0.0,,,,,0.0,,,,,,2024,Outdoor
72,N. Carolina A&T,0.0,,,,,,,,,0.0,,0.0,,,,,,,,,,,2024,Outdoor
72,Ohio State,0.0,,,,,,,,,,,,,0.0,,,,0.0,,,,,2024,Outdoor
72,Pittsburgh,0.0,,,,,,,,,,,,0.0,,,,,,,,,,2024,Outdoor
72,TCU,0.0,,0.0,,,,,,,,,,,,,,,,,,,0.0,2024,Outdoor
72,Texas State,0.0,,,,,,,,,,,0.0,,,,,,,,,,,2024,Outdoor
72,UCLA,0.0,,,0.0,,,,,,,,,0.0,,,,,,0.0,0.0,,,2024,Outdoor
72,UTEP,0.0,,,,,,,,,0.0,,,,0.0,,,,,,,,,2024,Outdoor
72,UTSA,0.0,,,0.0,,,,,,,,0.0,0.0,,,0.0,0.0,,,,,,2024,Outdoor
72,Air Force,0.0,,,,,,,,,,0.0,,,,,,,,,,,,2024,Outdoor
72,Army West Point,0.0,,,,0.0,,,,,,,,,,,,,,,,,,2024,Outdoor
72,Boston College,0.0,,,,,0.0,,,,,,,,,,,,,,,,,2024,Outdoor
72,CBU,0.0,,,,,,,,0.0,,,,,,,,,,,,,,2024,Outdoor
72,Cincinnati,0.0,,,,,,,,,,,,,,,,,,,,,0.0,2024,Outdoor
72,Colorado St.,0.0,,,,,,,,,,,,,,,,,0.0,,,,,2024,Outdoor
72,Columbia,0.0,,,,,,,,,,,,,,,,,,0.0,,,,2024,Outdoor
72,Connecticut,0.0,,,,,,,,,,,,,,0.0,,,,,,,0.0,2024,Outdoor
72,Cornell,0.0,,,,,0.0,,,,,,,,,,,,,,0.0,,,2024,Outdoor
72,Davidson,0.0,,,,,,,,,0.0,,,,,,,,,,,,,2024,Outdoor
72,DePaul,0.0,,,,,,,,,0.0,,,,,,,,,,,,,2024,Outdoor
72,Drake,0.0,,,,,0.0,,,,,,,,,,,,,,0.0,,,2024,Outdoor
72,Eastern Illinois,0.0,,,,,,,,,,,,,,,0.0,,,,,,,2024,Outdoor
72,Furman,0.0,,,,,,,0.0,,,,,,,,,,,,,,,2024,Outdoor
72,George Mason,0.0,,,,,,,,,,,,,,0.0,,,,,,,,2024,Outdoor
72,Gonzaga,0.0,,,,,,,0.0,,,,,,,,,,,,,,,2024,Outdoor
72,Grambling,0.0,,,,,,,,,,,,,,,0.0,,,,,,,2024,Outdoor
72,High Point,0.0,,,,,,,,,,,,,,,,,0.0,,,,,2024,Outdoor
72,Houston Christian,0.0,,,,,,,,,,,,,,,,,,,,,0.0,2024,Outdoor
72,Illinois State,0.0,,,,,,,,,,,,,,,,,0.0,,,,,2024,Outdoor
72,Incarnate Word,0.0,,,,,,,,,,,,,,,,,,,,,0.0,2024,Outdoor
72,Indiana,0.0,,,,0.0,,,,0.0,,,,,,0.0,,,,,0.0,,,2024,Outdoor
72,Indiana State,0.0,,,,,,,,,,,,,,,,,,0.0,,,,2024,Outdoor
72,Lamar,0.0,,,,,,,,,,,,,,,0.0,,,,,,,2024,Outdoor
72,Liberty,0.0,,,,,,,,,,,,,,,,,,,0.0,0.0,,2024,Outdoor
72,Long Beach St.,0.0,,,,,,,,,,0.0,,,,,,,,,,,,2024,Outdoor
72,Manhattan,0.0,,,,,,,,,,,,,,,,,,,0.0,,,2024,Outdoor
72,Maryland-Eastern Shore,0.0,,,,,,,,,,,,,,,,0.0,,,,,,2024,Outdoor
72,Michigan,0.0,,,,,0.0,0.0,,0.0,,,,,,,0.0,,,0.0,,,,2024,Outdoor
72,Michigan State,0.0,,,,,,,,,,,,,,,,,,,,,0.0,2024,Outdoor
72,Montana,0.0,,,,,,,,,,,,,,,,,,,,0.0,,2024,Outdoor
72,Montana State,0.0,,,,,,0.0,,,,,,,,,,,,,,,,2024,Outdoor
72,Navy,0.0,,,0.0,,,,,,0.0,,,,,,,,0.0,,0.0,0.0,,2024,Outdoor
72,NC State,0.0,,,,,,0.0,,,,,,,,,,,,,,,,2024,Outdoor
72,New Orleans,0.0,,,,,,,,,0.0,,,,,,,,,,,,,2024,Outdoor
72,North Dakota,0.0,,,,,,0.0,,,,,,,,,,,,,,,,2024,Outdoor
72,North Dakota State,0.0,,,,,,,,,,,,,,,,,,,,0.0,,2024,Outdoor
72,Princeton,0.0,,,,,,0.0,0.0,,,,,,,,,,,0.0,,,,2024,Outdoor
72,Rice,0.0,,,,,,,,,,,,,,,,,,,0.0,0.0,,2024,Outdoor
72,Rutgers,0.0,,,,,,,,,,,,,,0.0,0.0,,,,,,,2024,Outdoor
72,Southern Utah,0.0,,,,,,0.0,,,,,,,,,,,,,,,,2024,Outdoor
72,Stony Brook,0.0,,,,,,0.0,,,,,,,,,,,,,,,,2024,Outdoor
72,Syracuse,0.0,,,,,0.0,,,0.0,,,,,,,,,,,,,,2024,Outdoor
72,Tulane,0.0,,,,,,,,0.0,,,,,,,,,,,,,,2024,Outdoor
72,UC Irvine,0.0,,,,,,,,,,,,,,,,,,,,,0.0,2024,Outdoor
72,Utah State,0.0,,,,,,,,,,,,,,0.0,,,,,,,,2024,Outdoor
72,Wake Forest,0.0,,,,0.0,,,0.0,,,,,,,,,,,,,,,2024,Outdoor
72,Weber State,0.0,,,,,,,,,,,,,,,,,,,,0.0,,2024,Outdoor
72,Western Illinois,0.0,,,,,,,,,,,,,,0.0,,,,,,,,2024,Outdoor
72,Youngstown St.,0.0,,,,,,,,,0.0,,,,,,,,,,,,,2024,Outdoor
